{
    "results": {
        "tool": {
            "name": "pytest",
            "version": "8.4.1"
        },
        "summary": {
            "tests": 2,
            "passed": 2,
            "failed": 0,
            "skipped": 0,
            "pending": 0,
            "other": 0,
            "start": 1784449652.0458753,
            "stop": 1784449652.065817
        },
        "tests": [
            {
                "name": "test_outputs.py::test_report_exists",
                "status": "passed",
                "duration": 0.00040496399998346533,
                "start": 1784449652.0609195,
                "stop": 1784449652.0632944,
                "retries": 0,
                "file_path": "test_outputs.py"
            },
            {
                "name": "test_outputs.py::test_report_schema_and_values",
                "status": "passed",
                "duration": 0.00032300099996973586,
                "start": 1784449652.0634658,
                "stop": 1784449652.0648305,
                "retries": 0,
                "file_path": "test_outputs.py"
            }
        ]
    }
}