{
    "results": {
        "tool": {
            "name": "pytest",
            "version": "8.4.1"
        },
        "summary": {
            "tests": 2,
            "passed": 2,
            "failed": 0,
            "skipped": 0,
            "pending": 0,
            "other": 0,
            "start": 1784449599.7040653,
            "stop": 1784449599.7237482
        },
        "tests": [
            {
                "name": "test_outputs.py::test_report_exists",
                "status": "passed",
                "duration": 0.0005124350000187405,
                "start": 1784449599.716854,
                "stop": 1784449599.7201662,
                "retries": 0,
                "file_path": "test_outputs.py"
            },
            {
                "name": "test_outputs.py::test_report_schema_and_values",
                "status": "passed",
                "duration": 0.00036783999991030214,
                "start": 1784449599.720408,
                "stop": 1784449599.7224653,
                "retries": 0,
                "file_path": "test_outputs.py"
            }
        ]
    }
}