{
    "results": {
        "tool": {
            "name": "pytest",
            "version": "8.4.1"
        },
        "summary": {
            "tests": 2,
            "passed": 2,
            "failed": 0,
            "skipped": 0,
            "pending": 0,
            "other": 0,
            "start": 1784447776.2957027,
            "stop": 1784447776.3138225
        },
        "tests": [
            {
                "name": "test_outputs.py::test_report_exists",
                "status": "passed",
                "duration": 0.0003985939999893162,
                "start": 1784447776.3091087,
                "stop": 1784447776.3106418,
                "retries": 0,
                "file_path": "test_outputs.py"
            },
            {
                "name": "test_outputs.py::test_report_schema_and_values",
                "status": "passed",
                "duration": 0.000315222999986986,
                "start": 1784447776.3107905,
                "stop": 1784447776.312843,
                "retries": 0,
                "file_path": "test_outputs.py"
            }
        ]
    }
}